{
  "3_adapter": {
    "n": 15,
    "mean": 0.31576953728993734,
    "std": 0.009647751322694747,
    "min": 0.30280986428260803,
    "max": 0.33810746669769287
  },
  "DVD_switch": {
    "n": 15,
    "mean": 0.3054503659407298,
    "std": 0.012680444249235272,
    "min": 0.28037798404693604,
    "max": 0.3230094909667969
  },
  "D_sub_connector": {
    "n": 15,
    "mean": 0.3253991901874542,
    "std": 0.00783790910193136,
    "min": 0.31399670243263245,
    "max": 0.34184813499450684
  },
  "PLCC_socket": {
    "n": 15,
    "mean": 0.3755733629067739,
    "std": 0.012085663384990371,
    "min": 0.35903748869895935,
    "max": 0.4058847725391388
  },
  "VR_joystick": {
    "n": 15,
    "mean": 0.31232739686965943,
    "std": 0.009401133806032351,
    "min": 0.29835036396980286,
    "max": 0.33684661984443665
  },
  "accurate_detection_switch": {
    "n": 15,
    "mean": 0.32920674681663514,
    "std": 0.009578527639335206,
    "min": 0.3139437735080719,
    "max": 0.35586151480674744
  },
  "battery": {
    "n": 15,
    "mean": 0.5590554734071096,
    "std": 0.08027117177897436,
    "min": 0.3970925807952881,
    "max": 0.6880764961242676
  },
  "blade_switch": {
    "n": 15,
    "mean": 0.3348393658796946,
    "std": 0.013777479331008693,
    "min": 0.31805911660194397,
    "max": 0.35911256074905396
  },
  "boost_converter_module": {
    "n": 15,
    "mean": 0.34402715365091957,
    "std": 0.012611420554779866,
    "min": 0.3226078450679779,
    "max": 0.3694343864917755
  },
  "button_battery_holder": {
    "n": 15,
    "mean": 0.37957630554835003,
    "std": 0.013718908185004304,
    "min": 0.35256728529930115,
    "max": 0.39972609281539917
  },
  "circuit_breaker": {
    "n": 15,
    "mean": 0.28945956627527875,
    "std": 0.012846594468558693,
    "min": 0.26296234130859375,
    "max": 0.3113735318183899
  },
  "connector_housing_female": {
    "n": 15,
    "mean": 0.2958119511604309,
    "std": 0.015186535414192383,
    "min": 0.27645406126976013,
    "max": 0.3302183151245117
  },
  "crimp_st_cable_mount_box": {
    "n": 15,
    "mean": 0.33002275427182515,
    "std": 0.010919014460859737,
    "min": 0.3143070936203003,
    "max": 0.35259848833084106
  },
  "dc_jack": {
    "n": 15,
    "mean": 0.33190715312957764,
    "std": 0.014297269596354294,
    "min": 0.3072969317436218,
    "max": 0.3564513325691223
  },
  "dc_power_connector": {
    "n": 15,
    "mean": 0.3188295543193817,
    "std": 0.011182430622750162,
    "min": 0.29985567927360535,
    "max": 0.33521682024002075
  },
  "detection_switch": {
    "n": 15,
    "mean": 0.32281091809272766,
    "std": 0.014278519552254265,
    "min": 0.3011101186275482,
    "max": 0.35658133029937744
  },
  "effect_transistor": {
    "n": 15,
    "mean": 0.3080553670724233,
    "std": 0.010783303317740371,
    "min": 0.2867349684238434,
    "max": 0.32321107387542725
  },
  "electronic_watch_movement": {
    "n": 15,
    "mean": 0.328988254070282,
    "std": 0.03309712401585829,
    "min": 0.2851894497871399,
    "max": 0.4084630608558655
  },
  "ffc_connector_plug": {
    "n": 15,
    "mean": 0.29781123002370197,
    "std": 0.008941891049487866,
    "min": 0.28176775574684143,
    "max": 0.31020277738571167
  },
  "ingot_buckle": {
    "n": 15,
    "mean": 0.37172054052352904,
    "std": 0.03187194866180491,
    "min": 0.2778477370738983,
    "max": 0.40474316477775574
  },
  "laser_diode": {
    "n": 15,
    "mean": 0.37108267545700074,
    "std": 0.016102561218898463,
    "min": 0.34720301628112793,
    "max": 0.40280985832214355
  },
  "lego_pin_connector_plate": {
    "n": 15,
    "mean": 0.2866546054681142,
    "std": 0.021712654224053954,
    "min": 0.2581574320793152,
    "max": 0.33589500188827515
  },
  "limit_switch": {
    "n": 15,
    "mean": 0.30054036776224774,
    "std": 0.009587284050743897,
    "min": 0.2844640612602234,
    "max": 0.32216593623161316
  },
  "lithium_battery_plug": {
    "n": 15,
    "mean": 0.4114101052284241,
    "std": 0.01317717516920604,
    "min": 0.3835299611091614,
    "max": 0.4357105493545532
  },
  "littel_fuse": {
    "n": 15,
    "mean": 0.3584036846955617,
    "std": 0.018304718843662943,
    "min": 0.34394538402557373,
    "max": 0.41810452938079834
  },
  "lock": {
    "n": 15,
    "mean": 0.3235946853955587,
    "std": 0.01961992813675775,
    "min": 0.28691041469573975,
    "max": 0.37127846479415894
  },
  "miniature_lifting_motor": {
    "n": 15,
    "mean": 0.31818557580312096,
    "std": 0.020251183166365563,
    "min": 0.29667288064956665,
    "max": 0.3832961916923523
  },
  "mobile_charging_connector": {
    "n": 15,
    "mean": 0.29586642781893413,
    "std": 0.018494251608722746,
    "min": 0.2689626216888428,
    "max": 0.33459991216659546
  },
  "motor_bracket": {
    "n": 15,
    "mean": 0.3047869245211283,
    "std": 0.018248939309216904,
    "min": 0.2790139317512512,
    "max": 0.34060972929000854
  },
  "motor_gear_reducer": {
    "n": 15,
    "mean": 0.3112111330032349,
    "std": 0.00724530977613033,
    "min": 0.291279137134552,
    "max": 0.3192163109779358
  },
  "motor_plug": {
    "n": 15,
    "mean": 0.2671729862689972,
    "std": 0.012010603694183811,
    "min": 0.24667996168136597,
    "max": 0.29080021381378174
  },
  "pencil_sharpener": {
    "n": 15,
    "mean": 0.2925964633623759,
    "std": 0.010018928535576777,
    "min": 0.2831355929374695,
    "max": 0.3226773142814636
  },
  "pinboard_connector": {
    "n": 15,
    "mean": 0.3247365852197011,
    "std": 0.006153704311237036,
    "min": 0.31474292278289795,
    "max": 0.3403521776199341
  },
  "potentiometer": {
    "n": 15,
    "mean": 0.3561680893103282,
    "std": 0.016334510494796704,
    "min": 0.3272579312324524,
    "max": 0.38007235527038574
  },
  "power_jack": {
    "n": 15,
    "mean": 0.28280028104782107,
    "std": 0.008452859239397939,
    "min": 0.26927658915519714,
    "max": 0.29481154680252075
  },
  "power_strip_socket": {
    "n": 15,
    "mean": 0.32659769455591836,
    "std": 0.013434107991608463,
    "min": 0.3053993880748749,
    "max": 0.35612714290618896
  },
  "purple_clay_pot": {
    "n": 15,
    "mean": 0.2396232416232427,
    "std": 0.039099701071426324,
    "min": 0.1880340427160263,
    "max": 0.30566108226776123
  },
  "retaining_ring": {
    "n": 15,
    "mean": 0.3491610328356425,
    "std": 0.02826537847471908,
    "min": 0.3117121458053589,
    "max": 0.40494322776794434
  },
  "rheostat": {
    "n": 15,
    "mean": 0.3115372439225515,
    "std": 0.005492015862609788,
    "min": 0.3016340732574463,
    "max": 0.31941765546798706
  },
  "self_lock_switch": {
    "n": 15,
    "mean": 0.333150323232015,
    "std": 0.015911661560814163,
    "min": 0.3107876777648926,
    "max": 0.37280264496803284
  },
  "silicon_cell_sensor": {
    "n": 15,
    "mean": 0.3089829166730245,
    "std": 0.01712365196039683,
    "min": 0.281711608171463,
    "max": 0.34332510828971863
  },
  "single_switch": {
    "n": 15,
    "mean": 0.320880929629008,
    "std": 0.009009641729321081,
    "min": 0.30783748626708984,
    "max": 0.34402742981910706
  },
  "smd_receiver_module": {
    "n": 15,
    "mean": 0.27793522079785665,
    "std": 0.024739357832764354,
    "min": 0.24230457842350006,
    "max": 0.32405325770378113
  },
  "suction_cup": {
    "n": 15,
    "mean": 0.31750717759132385,
    "std": 0.03652056714418176,
    "min": 0.27548113465309143,
    "max": 0.4150024652481079
  },
  "toy_tire": {
    "n": 15,
    "mean": 0.3472515086332957,
    "std": 0.012732441546220361,
    "min": 0.32804107666015625,
    "max": 0.37720629572868347
  },
  "travel_switch": {
    "n": 15,
    "mean": 0.3137334326903025,
    "std": 0.005653472533422865,
    "min": 0.3053150773048401,
    "max": 0.3246055543422699
  },
  "vacuum_switch": {
    "n": 15,
    "mean": 0.31771021882692974,
    "std": 0.009152760713026821,
    "min": 0.29740333557128906,
    "max": 0.3327339291572571
  },
  "vehicle_harness_conductor": {
    "n": 15,
    "mean": 0.33979191184043883,