{
  "D_sub_connector": {
    "Max": {
      "mean": 0.3253991901874542,
      "median": 0.3255666494369507,
      "std": 0.00783790910193136,
      "min": 0.31399670243263245,
      "max": 0.34184813499450684
    },
    "Mean": {
      "mean": 0.2892753422260284,
      "median": 0.291077983379364,
      "std": 0.005224616933810088,
      "min": 0.2818573653697968,
      "max": 0.29828454852104186
    },
    "Weighted": {
      "mean": 0.29056716011305045,
      "median": 0.2928844705763743,
      "std": 0.005088929092199191,
      "min": 0.2829760275473566,
      "max": 0.29911819458714506
    },
    "Conservative": {
      "mean": 0.30228310436010364,
      "median": 0.31399670243263245,
      "std": 0.021014454175823722,
      "min": 0.27080731391906737,
      "max": 0.3286817967891693
    }
  },
  "3_adapter": {
    "Max": {
      "mean": 0.31576953728993734,
      "median": 0.31369197368621826,
      "std": 0.009647751322694747,
      "min": 0.30280986428260803,
      "max": 0.33810746669769287
    },
    "Mean": {
      "mean": 0.29941685239473975,
      "median": 0.2962199628353119,
      "std": 0.009046989998523238,
      "min": 0.29067824482917787,
      "max": 0.33032146096229553
    },
    "Weighted": {
      "mean": 0.29971165380938397,
      "median": 0.29661608753825747,
      "std": 0.009030495877310463,
      "min": 0.2908010610896147,
      "max": 0.33043516595279315
    },
    "Conservative": {
      "mean": 0.2934001835187276,
      "median": 0.30280986428260803,
      "std": 0.022108692465740126,
      "min": 0.2626349404454231,
      "max": 0.33810746669769287
    }
  },
  "DVD_switch": {
    "Max": {
      "mean": 0.3054503659407298,
      "median": 0.3023532032966614,
      "std": 0.012680444249235272,
      "min": 0.28037798404693604,
      "max": 0.3230094909667969
    },
    "Mean": {
      "mean": 0.2742771752675374,
      "median": 0.27441185116767886,
      "std": 0.005627609611810346,
      "min": 0.26392434239387513,
      "max": 0.28587068915367125
    },
    "Weighted": {
      "mean": 0.2749357071853253,
      "median": 0.2747667520899695,
      "std": 0.005700975057265498,
      "min": 0.26417604122611626,
      "max": 0.28660451959872507
    },
    "Conservative": {
      "mean": 0.2833016056815783,
      "median": 0.28037798404693604,
      "std": 0.015080545193238159,
      "min": 0.2539140790700912,
      "max": 0.30303841829299927
    }
  }
}