{
  "D_sub_connector": {
    "S0001": {
      "0": 0.27823030948638916,
      "1": 0.31859683990478516,
      "2": 0.2578617334365845,
      "3": 0.30475202202796936,
      "4": 0.2538701891899109
    },
    "S0002": {
      "0": 0.2573443651199341,
      "1": 0.30899640917778015,
      "2": 0.2594781219959259,
      "3": 0.34184813499450684,
      "4": 0.2546643614768982
    },
    "S0003": {
      "0": 0.2631520926952362,
      "1": 0.30698296427726746,
      "2": 0.26268720626831055,
      "3": 0.32641616463661194,
      "4": 0.26465117931365967
    },
    "S0004": {
      "0": 0.26598283648490906,
      "1": 0.3216552734375,
      "2": 0.26351913809776306,
      "3": 0.33290350437164307,
      "4": 0.2713291645050049
    },
    "S0005": {
      "0": 0.27273043990135193,
      "1": 0.30010172724723816,
      "2": 0.260899156332016,
      "3": 0.3242706060409546,
      "4": 0.25839245319366455
    },
    "S0006": {
      "0": 0.26624661684036255,
      "1": 0.3140786290168762,
      "2": 0.2705412209033966,
      "3": 0.3052581250667572,
      "4": 0.2531622350215912
    },
    "S0007": {
      "0": 0.2664521038532257,
      "1": 0.31399670243263245,
      "2": 0.27046844363212585,
      "3": 0.31309565901756287,
      "4": 0.25877782702445984
    },
    "S0008": {
      "0": 0.26735740900039673,
      "1": 0.30258461833000183,
      "2": 0.2621706426143646,
      "3": 0.32140082120895386,
      "4": 0.27951693534851074
    },
    "S0009": {
      "0": 0.27900663018226624,
      "1": 0.3124668598175049,
      "2": 0.28196513652801514,
      "3": 0.3286817967891693,
      "4": 0.27237698435783386
    },
    "S0010": {
      "0": 0.2793469727039337,
      "1": 0.3255666494369507,
      "2": 0.28328925371170044,
      "3": 0.3106553852558136,
      "4": 0.26781657338142395
    },
    "S0011": {
      "0": 0.2810038924217224,
      "1": 0.3220951557159424,
      "2": 0.2809205651283264,
      "3": 0.3179458677768707,
      "4": 0.2586125433444977
    },
    "S0012": {
      "0": 0.29426419734954834,
      "1": 0.3165038526058197,
      "2": 0.2799050509929657,
      "3": 0.32666102051734924,
      "4": 0.27408862113952637
    },
    "S0013": {
      "0": 0.2745361030101776,
      "1": 0.31455039978027344,
      "2": 0.283657431602478,
      "3": 0.3295678198337555,
      "4": 0.2639123797416687
    },
    "S0014": {
      "0": 0.2886104881763458,
      "1": 0.31560859084129333,
      "2": 0.2783019542694092,
      "3": 0.31689849495887756,
      "4": 0.27456939220428467
    },
    "S0015": {
      "0": 0.27857932448387146,
      "1": 0.33800551295280457,
      "2": 0.269815057516098,
      "3": 0.32134518027305603,
      "4": 0.2580951452255249
    }
  },
  "3_adapter": {
    "S0001": {
      "0": 0.29447001218795776,
      "1": 0.29085174202919006,
      "2": 0.2930128574371338,
      "3": 0.31369197368621826,
      "4": 0.28326040506362915
    },
    "S0002": {
      "0": 0.2982315421104431,
      "1": 0.30378085374832153,
      "2": 0.30515947937965393,
      "3": 0.31424668431282043,
      "4": 0.2666935622692108
    },
    "S0003": {
      "0": 0.3131583034992218,
      "1": 0.2925523817539215,
      "2": 0.29766929149627686,
      "3": 0.32563555240631104,
      "4": 0.2862143814563751
    },
    "S0004": {
      "0": 0.2997337281703949,
      "1": 0.2814785838127136,
      "2": 0.28884851932525635,
      "3": 0.31687629222869873,
      "4": 0.2941412031650543
    },
    "S0005": {
      "0": 0.2943176329135895,
      "1": 0.28878745436668396,
      "2": 0.2871180772781372,
      "3": 0.3033137023448944,
      "4": 0.27985435724258423
    },
    "S0006": {
      "0": 0.30280986428260803,
      "1": 0.2881838083267212,
      "2": 0.2853141129016876,
      "3": 0.3017062544822693,
      "4": 0.2846050560474396
    },
    "S0007": {
      "0": 0.33810746669769287,
      "1": 0.3309207260608673,
      "2": 0.31607672572135925,
      "3": 0.33491313457489014,
      "4": 0.3315892517566681
    },
    "S0008": {
      "0": 0.31157806515693665,
      "1": 0.30971482396125793,
      "2": 0.3000726103782654,
      "3": 0.30522000789642334,
      "4": 0.2892991602420807
    },
    "S0009": {
      "0": 0.31808140873908997,
      "1": 0.30508190393447876,
      "2": 0.30099308490753174,
      "3": 0.31242498755455017,
      "4": 0.2701978087425232
    },
    "S0010": {
      "0": 0.30107998847961426,
      "1": 0.2923460900783539,
      "2": 0.2855464220046997,
      "3": 0.32081878185272217,
      "4": 0.28130853176116943
    },
    "S0011": {
      "0": 0.29434800148010254,
      "1": 0.29134321212768555,
      "2": 0.29780274629592896,
      "3": 0.30872979760169983,
      "4": 0.2817823886871338
    },
    "S0012": {
      "0": 0.31088122725486755,
      "1": 0.2861628830432892,
      "2": 0.2909556031227112,
      "3": 0.3109757900238037,
      "4": 0.2785567045211792
    },
    "S0013": {
      "0": 0.3104010224342346,
      "1": 0.29412421584129333,
      "2": 0.2871043086051941,
      "3": 0.29790183901786804,
      "4": 0.2977420687675476
    },
    "S0014": {
      "0": 0.3089822828769684,
      "1": 0.29950442910194397,
      "2": 0.29695188999176025,
      "3": 0.3025006055831909,
      "4": 0.2648330628871918
    },
    "S0015": {
      "0": 0.29935500025749207,
      "1": 0.29712626338005066,
      "2": 0.2962997257709503,
      "3": 0.33229437470436096,
      "4": 0.2885158360004425
    }
  },
  "DVD_switch": {
    "S0001": {
      "0": 0.2995399534702301,
      "1": 0.26434648036956787,
      "2": 0.2542089819908142,
      "3": 0.27556002140045166,
      "4": 0.2801762521266937
    },
    "S0002": {
      "0": 0.3023532032966614,
      "1": 0.26954445242881775,
      "2": 0.267350971698761,
      "3": 0.25596728920936584,
      "4": 0.27595198154449463
    },
    "S0003": {
      "0": 0.3141915798187256,
      "1": 0.26734238862991333,
      "2": 0.2692325711250305,
      "3": 0.2685696482658386,
      "4": 0.2700251638889313
    },
    "S0004": {
      "0": 0.30303841829299927,
      "1": 0.27930301427841187,
      "2": 0.26240959763526917,
      "3": 0.2634061574935913,
      "4": 0.26766183972358704
    },
    "S0005": {
      "0": 0.3207123577594757,
      "1": 0.2561769187450409,
      "2": 0.2639988362789154,
      "3": 0.26198920607566833,
      "4": 0.27894553542137146
    },
    "S0006": {
      "0": 0.3224620819091797,
      "1": 0.2845826745033264,
      "2": 0.2718319892883301,
      "3": 0.27150049805641174,
      "4": 0.2789762020111084
    },
    "S0007": {
      "0": 0.29872244596481323,
      "1": 0.26837074756622314,
      "2": 0.24905428290367126,
      "3": 0.25209757685661316,
      "4": 0.2618165612220764
    },
    "S0008": {
      "0": 0.3230094909667969,
      "1": 0.2522961497306824,
      "2": 0.25620579719543457,
      "3": 0.2524302303791046,
      "4": 0.27667179703712463
    },
    "S0009": {
      "0": 0.29160624742507935,
      "1": 0.257713258266449,
      "2": 0.2647611200809479,
      "3": 0.28836166858673096,
      "4": 0.26131361722946167
    },
    "S0010": {
      "0": 0.28037798404693604,
      "1": 0.2525670528411865,
      "2": 0.2672688364982605,
      "3": 0.2692493796348572,
      "4": 0.2501584589481354
    },
    "S0011": {
      "0": 0.3222734332084656,
      "1": 0.2665072977542877,
      "2": 0.26112374663352966,
      "3": 0.2603071331977844,
      "4": 0.29065555334091187
    },
    "S0012": {
      "0": 0.29501521587371826,
      "1": 0.27433568239212036,
      "2": 0.25880852341651917,
      "3": 0.2820465862751007,
      "4": 0.26185324788093567
    },
    "S0013": {
      "0": 0.29904547333717346,
      "1": 0.2776462435722351,
      "2": 0.2774900496006012,
      "3": 0.2837483584880829,
      "4": 0.2680346965789795
    },
    "S0014": {
      "0": 0.3135046362876892,
      "1": 0.2601320147514343,
      "2": 0.2597082257270813,
      "3": 0.25649505853652954,
      "4": 0.271827757358551
    },
    "S0015": {
      "0": 0.29590296745300293,
      "1": 0.2568145990371704,